tags,authors,comments,cover,size,title,uuid
"History, General","Peter Olausson","Ny bok av författaren till Faktoider och Tredje rikets myterAlla känner till mordet på ärkehertig Franz Ferdinand. Många tror att det var den främsta — kanske den enda — orsaken till att första världskriget bröt ut. Andra vet att det visserligen var den utlösande händelsen men att sammanhanget var oerhört mycket mer komplicerat än så. Vad var det egentligen som hände?Första världskriget hade inte en enda, isolerad och enkel orsak. Det hade en rad orsaker, som sedan 1800-talet utvecklats, delats upp, korsats, förstärkt och försvagat varandra.Sedan drygt trettio år tillbaka hade ett halvdussin europeiska länder delat upp Afrika mellan sig - det minskade en del spänningar på hemmaplan men byggde upp andra. Värnplikt, kapprustning och en kraftig vapenteknisk utveckling hade gett stormakterna större, bättre och dyrbarare arméer och flottor än någonsin. Efter en mängd konflikter och mindre krig hade stormakterna bildat allianser för att bli mindre sårbara; samtidigt som risken för småkrig minskade, ökade risken för ett storkrig.Under några intensiva veckor sommaren 1914 kokade en liten grupp män — de viktigaste skulle kunna rymmas i en hiss — ihop en blandning som plötsligt exploderade. Visste de vad de gjorde? Var första världskriget ett misstag eller resultatet av en noga utarbetad plan, var det en slump eller ett krig som väntade på att inträffa?Denna bok beskriver de mångfasetterade orsakerna till världens viktigaste krig, den värld som utgjorde dess förutsättning och de ledare, generaler och diplomater som fick det att inträffa.""Han visar skickligt på hur det snarare var en logisk fortsättning på det som varit innan: krigen på Balkan, kapplöpningen om kolonierna, kapprustningen på havet. Han gör det pedagogiskt, inkännande och kunnigt och boken är ett måste för alla som vill ha en bra ingång till första världskriget."" Upsala Nya Tidning ""Olausson växlar på vederhäftigt sätt mellan de många bakomliggande orsakerna och väldokumenterade beskrivningar av turerna före krigsutbrottet. Hans bok är både lärorik och skrämmande."" Sundsvalls Tidning""Den 28 juni 1914 föll de dödliga skotten i Sarajevo. De ledde till ett världskrig och till att Europas karta ritades om. Ett oundvikligt krig startat av en slump. Cirka 16 miljoner människor dog i första världskriget. Kriget fick sociala och politiska strukturer att falla och följdes av inbördeskrig, kriser och revolutioner. Det blev 1900-talets viktigaste händelse. Det hävdar Peter Olausson i sin intressanta och lärorika skildring av förspelets år, 1914.""Norrländska Socialdemokraten ""Peter Olaussons bok är en lättläst och överskådlig skildring av de politiska skeenden i stort som smått som kom att leda fram till den smältdegel kriget blev. Det omgestaltade vår värld i grunden och för alltid."" Dalademokraten""Givande läsning om varför de stred- Peter Olausson ger oss helt enkelt en repetitionskurs i epokens politiska historia. Kapitel för kapitel besöker han tidens stormakter: Österrike-Ungern, Frankrike, Storbritannien, Ryssland och Tyskland. Var och en av dem får sitt porträtt, med viktiga ledare, händelser och problem... Olaussons metod är onekligen pedagogisk och intresseväckande."" Jönköpings Posten""Jag tror att Peter Olaussons 1914, Vägen till första världskriget, kommer att bli en sådan bok som jag gång efter annan återvänder till. För att förstå hur det kunde gå så illa."" Norrbottens-Kuriren""Mellan kapitlen interfolierar han en dagbok, förd från den 28 juni till den 4 augusti 1914, det vill säga från skotten i Sarajevo till den svarta vecka då kriget bröt ut. I dagboken används en annan stiltyp, som hämtad direkt ur en journalists skrivmaskin. Det ger","C:\Apps\Calibre\Svenska\Peter Olausson\1914_ Vagen till forsta varldskrige (204)\cover.jpg","12686259","1914: Vägen till första världskriget","291cf0d9-d784-49df-ab94-1ca21090702a"
"Fiction, Horror","Lova Lovén & Katarina Emgård & Mattias Lönnebo & Elisabeth Östnäs & Love Kölle & Mikael Strömberg & Eva Holmquist & Fred Andersson & Christina Nordlander & Alexandra Nero & Ida Tellestedt & Johan Grindsäter","Rysare och skräcknoveller att läsa då mörkret sänker sig. Författarna tar dig med till skymningszonen där vampyrer, vålnader och andra monster strövar fritt. Tretton mardrömmar att sluka eller njuta en och en.Innehåll:Gastkramad av Lova LovénDödspatrullen av Katarina EmgårdKöttkvarnen av Mattias LönneboDjuptjärn av Elisabeth ÖstnäsDen sjunde av Love KölleFlockdjur av Mikael StrömbergKidnappad av Eva HolmqvistBefallaren av Fred AnderssonFöljeslagare av Christina NordlanderMarken där är sank av Alexandra NeroBoeuf Bourguignon av Ida TellestedtPappas store pojke av Johan GrindsäterHungrig skugga av Love Kölle","C:\Apps\Calibre\Svenska\Lova Loven\13 svarta sagor (222)\cover.jpg","1097704","13 svarta sagor","f999e7de-baa0-4195-961c-3d7f7520bff8"
"Fiction, General","Jonas Jonasson","Analfabeten som kunde räkna är Jonas Jonassons andra roman, efter världssuccén med Hundraåringen som klev ut genom fönstret och försvann. Analfabeten som kunde räkna av Jonas Jonasson (pocket, 2014) Sätt betyg Bloggar (0) Tipsa en vän Länka till sidan Pris: 47:- Finns i lager. Skickas inom 1-2 vardagar. Lägg i varukorg Spara som favorit Fri frakt vid beställning på minst 99 kr för privatpersoner i Sverige - Läs mer Välj format: Pocket Storpocket E-bok Inbunden Inbunden (excess) Ljudbok (cd-skiva) Ljudbok (mp3 cd) MP3-bok Hon började arbeta som femåring, blev föräldralös vid tio, överkörd vid femton. Ingenting tydde på annat än att hon skulle leva ett tag i sitt skjul i Sydafrikas största kåkstad och sedan dö, saknad av ingen. Om hon nu inte varit den hon var, men det var hon ju. Nombeko Mayeki var analfabeten som kunde räkna. Ödet tillsammans med hennes talang för henne bort från Soweto, till internationell storpolitik, till andra sidan jordklotet, till två identiskt lika och väldigt olika bröder. Under resan lyckas hon reta upp världens mest fruktade säkerhetstjänst innan hon en dag finner sig själv instängd i skåpet till en potatisbil. Där och då är världen som världen känner den hotad.

**
","C:\Apps\Calibre\Svenska\Jonas Jonasson\Analfabeten Som Kunde Rakna (233)\cover.jpg","1098254","Analfabeten Som Kunde Räkna","28d6481b-a72b-4fd9-a04d-1502e215c5e7"
"General, Fiction, Mystery & Detective","Jan Mårtenson","I nådens år 1160 går 22-kanonersskeppet ""Resande Man"" under. Slås i spillror mot klipporna utanför Landsort i novemberstormens vitskummande raseri. I det grönsbvarta djupet försvinner också Rikskanslerns skatt, oändligt kostbara mutor i guld till Polens kung för att vinna honom över på svensk sida mot den ryske björnen.I trädgården till kejsarinnan Elisabets villa på korfu ser Akilles med smärtfyllda ögon mot himlen, döende, med en pil i den sårbara hälen. Här skördar döden snart ett nytt offer.Utanför ljungande åskan och granskogen stod tät runt huset i skogen. Mannen som låg böjd över skrivbordet rörde sig inte. Men han sov inte, han var död. Och i munnen blänkte ett guldmynt.Johan Kristian Homan, antikhandlaren från Gamla stan, återkommer i en spännande, kultiverad och underhållande deckare. Ett ""måste"" för varje Homan-vän. Den spänner över tre århundranden och rör sig mellan Vättern, Östersjön och MedelhavetOmslagsformgivare: Ellen Adolfsson","C:\Apps\Calibre\Svenska\Jan Martenson\Akilles hal (300)\cover.jpg","1059578","Akilles häl","053e290c-ef09-407b-964c-bcda4ae53234"
"General, Psychology","Henrik Fexeus","När du vill få nån att falla pladask 170 tips om hur du kan bli bättre på flirt, ragg och uppvaktning.Hur många har inte gått på myten om att man måste ha deffad tvättbräda på magen eller se ut som en playboymodell för att lyckas med romantiken? Visst, ytlig uppmärksamhet räcker en liten stund, men för att verkligen lyckas få någon på fall krävs helt andra faktorer ...I Alla får ligga får både män och kvinnor verktygen för framgång i det kittlande sociala spel som vi kallar flirt och raggning. Med sina unika kunskaper i ickeverbal kommunikation, social manipulation och påverkan, har Henrik Fexeus listat 170 konkreta och praktiska tips.Med mycket humor och glimt i ögat beskriver Henrik flirtens väg till dejt i tre steg: attraktion, relation och förförelse. Boken är helt befriad från slitna raggningsfraser och uppvaktningsknep. Den stora hemligheten är istället inställning och attityd. Och när du väl lärt dig det har du förmågor som inget silikon eller gymkort i världen kan konkurrera med.Boken hjälper dig inte nödvändigtvis att bli kär eller att hitta Den rätta, men den ger garanterat ett större urval att välja bland. Och du kommer att ha roligare medan du letar. För är kul att flirta. Det är samma sak som att vara intressant, lekfull, charmig, äventyrlig, rykande sexig och populär. En bra flirt får dessutom andra att må bra.Se boken som en god vän som diskret viskar förslag i örat när du blir rådvill. Som Henrik Fexeus själv skriver: ""Ta med dig 3-5 tips varje gång du går utanför dörren och du kommer att få ett mer spännande liv än det någonsin varit tidigare""","C:\Apps\Calibre\Svenska\Henrik Fexeus\Alla far ligga (302)\cover.jpg","1307950","Alla får ligga","cc5d36ea-4fbe-4f4f-9829-bd3eae98ffe1"
"","Ebba Mörner & Erina Stene","","C:\Apps\Calibre\Svenska\Ebba Morner\Allra finaste du (362)\cover.jpg","876784","Allra finaste du","1a9e9806-87f3-4236-a9d7-128df70b4a0e"
"General, Fiction, Deckare, Mystery & Detective","Anne Holt","På drygt 1200 meters höjd över havet ligger Finse högfjällshotell, ett klassiskt resmål för norrmän som längtar efter lugn och ro och storslagen natur, en isolerad plats dit man endast kan ta sig med järnväg.  När tåget mellan Oslo och Bergen en iskall februaridag spårar ur i närheten av Finse råder full snöstorm. Det finns ingen annan utväg än att evakuera de över tvåhundra passagerarna till det hundraåriga hotellet och tränga ihop dem så gott det går.  Bland passagerarna finns Hanne Wilhelmsen, tidigare kommissarie vid Oslopolisen, numera rullstolsbunden efter en skottskada i ryggen. Hon har med åren blivit än mer folkskygg och försöker hålla sig så långt från mänskligt umgänge som möjligt. Men när en av gästerna hittas mördad redan första natten dras Hanne ofrivilligt in i fallet.  Det blir en kamp mellan jakten på mördaren innanför hotellets väggar och den värsta snöstormen i mannaminne rasande utanför.  Anne Holt har sedan länge en mycket stor läsekrets såväl i hemlandet Norge som i Sverige och Tyskland. Hennes förra roman, Presidentens val, blev hennes mest framgångsrika någonsin.","C:\Apps\Calibre\Svenska\Anne Holt\1222 over havet (416)\cover.jpg","400150","1222 över havet","3f77323e-f1e9-4f51-8aeb-6986220d7244"
"","Douglas Adams","","C:\Apps\Calibre\Svenska\Douglas Adams\Ajoss och tack for fisken (479)\cover.jpg","272865","Ajöss och tack för fisken","6c15a785-b782-4713-9956-6508ac757123"
"","Krister Holmquist","","C:\Apps\Calibre\Svenska\Krister Holmquist\02-KULORNA (489)\cover.jpg","1495534","02-KULORNA","31098d34-9f34-459b-baab-4ecf96dda47e"
"Svensk skönlitteratur","Daniel Akenine","Daniel Akenine är fysiker, föreläsare, skribent och före detta hjärnforskare på Karolinska Institutet. Han arbetar idag som teknik- och säkerhetschef för Microsoft och är en av Sveriges främsta experter på IT-arkitektur. Rättigheterna för 11 gram sanning såldes till USA redan innan första svenska upplagan kom i tryck.","C:\Apps\Calibre\Svenska\Daniel Akenine\11 gram sanning (491)\cover.jpg","1063540","11 gram sanning","4ffba72f-75ba-45ca-9301-cd577e2aaa39"
"Social Science, Sociology, General","Gunnar Wall","Det började som en vanlig solig tisdagsmorgon på USA:s östkust. Men under några timmar förvandlades vardagen till ett fasansfullt inferno för många tusen personer.11 september blev ett datum som kom att förknippas med tidernas mest sensationella terrordåd. Nu har tio år gått. Vissa delar av mardrömmen har vi börjat glömma. Andra inslag i det som hände fick vi inte veta något om då.Författaren Gunnar Wall har gått tillbaka och kartlagt det kusliga förloppet, steg för steg. Han har också undersökt ett delvis okänt internationellt maktspel som förklarar vad som skedde före, under och efter 11 september. Sanningen är i stora stycken förbluffande: attentatet kom inte alls som en blixt från en klar himmel. Det fanns många som försökte förhindra det. Men i Vita huset blundade man envist och till synes systematiskt – tills det var för sent.Gunnar Wall har skrivit flera bästsäljande böcker om brottslighet, makt och politiska hemligheter. Han avslutar sin dramatiska genomgång av 11 september med ett kapitel om terror genom tiderna.","C:\Apps\Calibre\Svenska\Gunnar Wall\11 september och andra terrordad ge (499)\cover.jpg","1464520","11 september och andra terrordåd genom historien","f305507f-3716-4a54-92a5-0ea06812c45f"
"","Jonas Gardell","De är en sorts familj: ärkefjollan Paul, Lars-Åke och Seppo, Reine med sitt plågade förflutna på den lilla bohuslänska ön, den vackre Bengt som är filmstjärna i vardande. Varje år firar de jul hos Paul, det är där Benjamin och Rasmus träffar varandra och blir kära. Allt ska de offra för kärleken. De älskar varandra så mycket. Världen och framtiden tillhör dem. Och det är då som sjukdomen kommer till staden. Bögpesten. Den nya digerdöden. De är alla så unga. En efter en skall de dö. Det som berättas i den här historien har hänt. Allt är sant. Jag var en av dem som överlevde. Det här är min och mina vänners historia. Det här är andra delen i romansviten Torka aldrig tårar utan handskar. Den första delen utkom i augusti 2012 och blev en stor säljsuccé som hyllats av en enig kritikerkår. ""Min känsla, redan nu, är att Gardell skriver modern svensk litteraturhistoria."" Jens Liljestrand, DN ""Det är en extremt bra början och det är svensk historia, ett utvandrarepos."" Ulrika Milles, SVT ""Jag är imponerad och tacksam."" Kristoffer Folkhammar, Aftonbladet

**
","C:\Apps\Calibre\Svenska\Jonas Gardell\(2) (Torka Aldrig Tarar Utan Handsk (572)\cover.jpg","437266","(2) (Torka Aldrig Tårar Utan Handskar)","e43b43a9-0ca6-4788-9595-b987e992ffc0"
"Fiction, Mystery & Detective, General","Claes Ericson","En blodig revolution, en fängslad tsarfamilj och ett ovärderligt Fabergéägg ligger till grund för denna spännande historia där samtiden och det förflutna vävs samman i jakten på en försvunnen hemlighet.   Moskva, sommaren 2013: Svensken Astor Kragh är på besök hos sina ryska släktingar för att begrava sin mor. När han går igenom hennes tillhörigheter hittar han ett brev som väcker frågor om hans eget förflutna. Det visar sig att han är släkt med en okänd hjälte som stred på den vita sidan under inbördeskriget – en hjälte med en märklig historia som inbegriper ett av Fabergés kejserliga ägg, försvunnet sedan ett sekel. När Astor fortsätter sökandet med hjälp av den unga forskaren Anja framkommer det att de inte är ensamma. Någon som är redo att gå över lik för att nå sina mål letar efter samma ägg. Sankt Petersburg, sommaren 1918: Inbördeskriget har skapat oro och kaos, tsarfamiljen hålls i husarrest och i staden råder revolutionär feberyra. Den plikttrogne banktjänstemannen Ivan Skuratov dras ofrivilligt med i den historiska utvecklingen när han tvingas lämna staden för en dramatisk resa långt in i Sibirien. I takt med att han tvingas allt längre österut tappar han sina ideal.   Av det femtiotal ägg som hovleverantör Peter Carl Fabergé tillverkade åt tsarerna Aleksandr III och Nikolaj II har åtta gått förlorade, däribland det 19:e – ett av de största och mest värdefulla. Trots att många ägnat stor möda åt att hitta ägget är det fortfarande försvunnet. Det 19:e Fabergéägget följer i allt väsentligt skeendena under den ryska revolutionen och det efterföljande inbördeskriget. De allra flesta historiska personer, händelser och platser som skildras i boken är verkliga.   Claes Ericson är förläggare och författare. Under de senaste 15 åren har han rest fram och tillbaka till Ryssland för att arbeta med investeringar och affärsutveckling. Senast var han aktuell med boken Oligarkerna – Om snabba pengar och förgänglig makt i kapitalismens Ryssland, och han har tidigare skrivit Sovjetunionens roliga historia och Ryssland nu. Det 19:e Fabergéägget är Ericsons romandebut.","C:\Apps\Calibre\Svenska\Claes Ericson\Det 19_e Fabergeagget (1443)\cover.jpg","1205352","Det 19:e Fabergéägget","fbf81783-19f8-4f05-80d0-b95a31937edc"
"Social Science, Sociology, General","Martin Gelin","Republikanernas revolution - från Nixon till Trump. Nyskrivet förord 2018. Den politiska utvecklingen i USA har chockat en hel värld. Hur kunde en fastighetsmogul och tv-kändis som byggde sin valkampanj på en främlingsfientlig retorik bli president i en av världens största demokratier? Den amerikanska högern är en reportagebok om USA:s konservativa rörelse. Martin Gelin visar hur det går en röd tråd från sextiotalets konservativa radikaler till vår tids högerpopulism. Han skildrar bredden i den amerikanska högern, från lobbyisterna i maktens korridorer i Washington DC, till kristna familjer i Södern, frihetliga libertarianer i Las Vegas och medborgargarden vid den mexikanska gränsen.  Den amerikanska högern, som Augustprisnominerades när den utkom första gången 2012, är en bok för alla som vill förstå orsakerna till den politiska krisen i dagens USA. Till denna nyutgåva har Martin Gelin skrivit ett nytt förord som knyter ihop högerns historia med presidentvalet 2016.  ""En enastående prestation."" - Expressen ""Journalistik på hög internationell nivå."" - Fokus Martin Gelin är prisbelönt författare och har sedan 2001 arbetat som journalist i USA. Han är Dagens Nyheters korrespondent i New York och har kommenterat amerikansk politik för bland annat SVT, SR, BBC och CNN. ""Vad som gläder mig är Gelins vägran att skriva i svartvitt. Hans fängslande reportage och tankeväckande analyser kännetecknas av en vilja att förstå den entusiasm som många av dagens, speciellt unga, republikaner utstrålar, inte att bekräfta trötta europeiska fördomar om den amerikanska högern."" - Lars Trägårdh, Sydsvenskan ""Boken är ett måste för den som vill förstå USA."" - Per Wirtén, Dagens Arena ""En mycket imponerande djupdykning i olika aspekter av denna mångsidiga höger. Det han visar i sin bok är två saker: dels att han är en riktig, undersökande journalist som inte drar sig för närkontakt med verkligheten; dels att han är en journalist som sätter sin sakkunskap i första rummet."" - Janerik Larsson, Neo ""En av årets viktigaste böcker."" - Ulrika Kärnborg, Aftonbladet","C:\Apps\Calibre\Svenska\Martin Gelin\Den amerikanska hogern_ republikane (1486)\cover.jpg","2042153","Den amerikanska högern: republikanernas revolution - från Nixon till Trump: uppdaterad nyutgåva","d5150075-6bfd-4e6e-9786-74f7d2e62e27"
"Biography & Autobiography, General","Ernst Brunner","När Johan Jacob Anckarström halshöggs strax sydost om Skanstull i Stockholm en dag i april 1792 tog Sverige en ny vändning. Inom kort var gustavianerna bortstötta ur de ledande skikten, och snart bortglömda. Kungahuset Holstein-Gottorp var inom ett par årtionden utdött och ersattes av ätten Bernadotte. Långsamt demokratiserades Sverige, men samtidigt började Gustavs dagar alltmer framstå som en dröm i rosenrött i det allmänna medvetandet. En dröm med en svartmuskig skurk i kulisserna. Kungamördaren.Medan Gustav låg på sin dödsbädd var jakten på de sammansvurna intensiv och hård. Så fort han hade dött las i princip alla undersökningar ned. De flesta gick fria. Inte minst kungens egen bror var angelägen om att lägga locket på. Men man behövde en syndabock: Anckarström. Han fick ta skulden. Hela skulden. Historien la en tung bröda på hans minne.Monster eller hjälte? Samvetslös mördare eller ett moraliskt föredöme med stort personligt mod? Ernst Brunner har läst källmaterial, både känt och tidigare oanvänt, och med en historikers noggrannhet och romanförfattarens inlevelseförmåga tecknat historien i sin helhet, från Gustavs och Anckarströms barndomsdagar, till deras sista möte och sista andetag. Den bild vi får av Anckarström och sammansvärjningen mot kungen är långt mer sammansatt än i tidigare skildringar, och vägen fram till skotten på maskeradbalen den 16 mars är så intensiv i sin närvarokänsla att det bitvis är svårt att andas när man läser. Än en gång visar Ernst Brunner sin stora kunskap i svensk historia, och med sin virtuosa framställningskonst gör han denna faktaberättelse lika spännande som en roman.","C:\Apps\Calibre\Svenska\Ernst Brunner\Anckarstrom och kungamordet (1629)\cover.jpg","2310447","Anckarström och kungamordet","8552a595-064c-451e-b074-e4c77bcdb582"
"","Cherstin Juhlin","Morden pa en medelalders dam och hennes aldrige granne forbryllar polisinspektor Annika Vester. Hon ar erfaren 55+are och brottsutredare pa Kriminaljouren, samt mamma och mormor, och skild sedan tio ar. Hon ar aven humoristisk, sarbar, rakryggad och klurig gatlosare. Kan aven vara lite ironisk vid ratt tillfalle. Det ena mordet, som Annika och kollegan Peter borjar nysta i, har knytning till 60-talet. En aldre, osympatisk kommissarie har under manga ar, pa olika satt, satt kappar i hjulet och hindrat Annikas vidareutbildningar. Han ska forstas inte slippa undan. En gammal karlekshistoria gor sig pamind efter motet med en yngre, till synes sjabbig, man. Annika borjar langta efter tvasamheten igen och en charmig kollega, Rolf, stottar nar hon kommer markliga och hemska saker pa sparen. ANAGRAM, dar morden ar fiction, tar aven upp realistiska arbetsforhallanden inom polisen.""

**
","C:\Apps\Calibre\Svenska\Cherstin Juhlin\Anagram_ Spanningsroman (1632)\cover.jpg","1078503","Anagram: Spänningsroman","a976faef-60f4-4f45-8199-2d1b8676eb42"
"Fiction, General","Neil Gaiman","Gaimans mästerverk i jubileumsutgåva - en läsupplevelse utöver det vanliga!Amerikanska gudar utkom för första gången 2001. Nu kommer den i nyutgåva, med nyskrivet förord av Neil Gaiman. Boken är även planerad att bli HBO-serie.När Shadows fru dör i en bilolycka får han lämna fängelset för att delta i begravningen. På flyget hem stöter han på den mystiske mr Wednesday, som så småningom visar sig vara en gammal gud, på jakt efter sina kollegor. Snart kommer nämligen det stora slaget mellan de gamla gudarna och de nya att utkämpas, och Wednesday behöver Shadows hjälp.Amerikanska Gudar är Neil Gaimans mest ambitösa roman och ett underbart sätt att stifta bekantskap med en omtalad författare. Under en otäck, märklig och närmast hallucinogen road-trip genom USA tacklar Gaiman allt från informationssamhällets våldsamma angrepp till dödens mening, utan att för den skull offra den knivskarpa intrigen, humorn eller den sprudlande berättarglädjen.Boken har vunnit en mängd fina priser, bl.a. Hugo Award for Best SF/Fantasy Novel, Bram Stoker Award for Best Horror Novel, Nebula Award for Best Novel. Vi garanterar en läsupplevelse utöver det vanliga!Översättare: Ylva Spångberg","C:\Apps\Calibre\Svenska\Neil Gaiman\Amerikanska gudar (1633)\cover.jpg","1009232","Amerikanska gudar","7f1f1498-37b5-4c1a-9e50-b4b0bbf6f6c2"
"","Chris Kyle & Scott McEwen & Jim Defelice","The #1 *New York Times* bestselling memoir of U.S. Navy Seal Chris Kyle, and the source for Clint Eastwood’s blockbuster movie which was nominated for six academy awards, including best picture.

From 1999 to 2009, U.S. Navy SEAL Chris Kyle recorded the most career sniper kills in United States military history. His fellow American warriors, whom he protected with deadly precision from rooftops and stealth positions during the Iraq War, called him “The Legend”; meanwhile, the enemy feared him so much they named him *al-Shaitan *(“the devil”) and placed a bounty on his head. Kyle, who was tragically killed in 2013, writes honestly about the pain of war—including the deaths of two close SEAL teammates—and in moving first-person passages throughout, his wife, Taya, speaks openly about the strains of war on their family, as well as on Chris. Gripping and unforgettable, Kyle’s masterful account of his extraordinary battlefield experiences ranks as one of the great war memoirs of all time.

**
","C:\Apps\Calibre\Svenska\Chris Kyle\American Sniper_ The Autobiography (1634)\cover.jpg","3200763","American Sniper: The Autobiography of the Most Lethal Sniper in U.S. Military History","4b0d87a5-212d-4109-96fd-9ffdc79a62c5"
"Social Science, Sociology, General","Lovisa Lamm","»Sverige är ett modigt litet land. Under ledning av sin kung säger svenskarna ifrån.«Så beskriver Nordkoreas ledare Kim Il Sung Sverige i samband med öppnandet av den svenska ambassaden i Pyongyang 1975. Under 26 år förblir Sverige det enda västlandet med en beskickning i den kommunistiska folkrepubliken. Ambassaden är en del av en storslagen svensk exportsatsning. Nordkorea betraktas som ett ekonomiskt under och svenska storföretag tror sig ha upptäckt det nya Japan.Året innan ambassaden öppnas föds Kim i en liten by i norra delen av landet. Han kommer som Flykting till Sverige 2005. Inte långt från Kims by flyttar Kerstin Molitor och hennes man in i januari 1979 som ett led i den svenska satsningen. Ambassaden i Pyongyang har utgjort en unik utkikspost i världens mest slutna land.Med utgångspunkt från sin resa till landet, tidigare hemligstämplade UD-rapporter och Säpo-protokoll tecknar Lovisa Lamm en omtumlande och komplex bild av Nordkorea och Sveriges relation till denna säregna nation.","C:\Apps\Calibre\Svenska\Lovisa Lamm\Ambassaden i paradiset (1635)\cover.jpg","612721","Ambassaden i paradiset","ef9a993f-90d3-433b-818e-c0f16c812c64"
"","Arne Jernelöv","","C:\Apps\Calibre\Svenska\Arne Jernelov\Amazonia (1639)\cover.jpg","867176","Amazonia","005c5a74-2d87-49c2-8cf8-cd87477f675f"
"thrillers och spänning, Deckare","Dean Koontz","Dean Koontz är född och uppvuxen i Pennsylvania. Han utbildade sig vid Shippensburg State College och arbetade därefter som lärare i flera år. På kvällar och helger skrev han böcker, och i slutet av 1970-talet kom hans genombrott som författare. Koontz är en av de mest lästa spänningsförfattarna idag. Både läsare och kritiker hyllar hans förmåga att skapa trovärdiga karaktärer, mystik, äventyr och spänning. Hans böcker är översatta till ett fyrtiotal språk och har sålts i närmare 400 miljoner exemplar runt om i världen. Tio av hans romaner har gått direkt upp på New York Times bästsäljarlista. Dean Koontz lever sedan flera år tillbaka i södra Kalifornien tillsammans med sin fru Gerda. Välkommen att besöka Dean Koontz på www.deankoontz.com","C:\Apps\Calibre\Svenska\Dean Koontz\Alltid Odd (1646)\cover.jpg","772693","Alltid Odd","1ed9effb-8e5a-4950-9557-3975231d2a38"
"Fiction, General","Christina Stielli","I kärlekens namnKaroline är noga med att be till Gud innan hon somnar. Hon ber att han aldrig ska ta sin hand ifrån henne, att han ska förlåta henne för allt så att hon inte är en syndare. Hon är noga med att be rätt. Hon försöker göra allt rätt, precis som mamma och Gud vill. Det är lätt när man är liten och söt, men när Karolines kropp växer och känslorna pirrar tvingar mamma henne att skyla sig. Karoline förstår att hon är ful, vet att hon inte duger och hatar kroppen som växer. Hon jagar sin älskade mammas bekräftelse och lyssnar efter en Gud som tystnat. Men närmare än hon kan ana finns någon som tycker att hon är fulländad. Församlingens pastor, hennes morbror Aron, försäkrar henne att Gud lyssnar och att hon är vacker som en ängel. Aron är den enda som ser henne, som tar i henne med mjuka händer och säger att hon är vacker. Att hans händer går över gränsen tar det alldeles för lång tid för Karoline att inse. Och till vem kan hon då gå?Allt för din skull är en berättelse om längtan efter och rädsla för kärlek. Om att bli vuxen och att våga bryta sig loss. Och om hur det kan vara att göra detta i en strängt religiöst och kontrollerande församling.Omslagsformgivare: Miroslav Sokcic","C:\Apps\Calibre\Svenska\Christina Stielli\Allt for din skull (1647)\cover.jpg","1219132","Allt för din skull","83bff0b6-47b6-4d0e-a06c-7bee83923d59"
"Fiction, General","Karolina Ramqvist","Saga minns mycket väl hur själva födelseögonblicket såg ut. Konstigt vore det annars. Varenda gång hon fyller år visar hennes mamma filmen från förlossningen. Det ögonblick där det lilla barn som blir Saga själv krystas ut.Sagas mamma är konstnär och radikalfeminist. Hon lär Saga att det viktigaste av allt är att bli en stark och självständig kvinna som inte behöver någon man. Kort sagt, en sådan kvinna som Sagas mamma är. Och som dotter till en sådan får man också räkna med att klara sig på egen hand. Saga har längtat efter allt som vuxenlivet innebär. Hon vill ut i staden, erövra dagen och natten.Första steget är gymnasiet på Södra Latin, nya vänskaper, café au lait, cigaretter och klubbar. Det är Stockholm, det är 90-tal, och Saga tar sig snabbt in i de inre kretsarna. Hon och hennes kompis Pauline lär känna de rätta människorna, får ligga, festa och vara fria. Det är nu allt ska hända och alla vill ha en ung tjej. Samtidigt plågas Saga av en gnagande känsla av leda. Och känslan av att hon borde GÖRA någonting. Som 40-talisterna gjorde vid Grupp 8:s stencileringsapparater och i demonstrationerna för fri abort och dagis. De hade mål och mening. Men vad blev över till kvinnorna i nästa generation? Hur blir man Kvinna?Ur tomheten försöker Saga vaska fram en egen karta över vilka slag som finns kvar att utkämpa. Saga har länge spanat in Victor Schantz, Stockholms vackraste man. Han är äldre, han känner alla och alla vill framför allt känna honom. De inleder ett förhållande. Eller: hon får i alla fall ligga med honom. Han befaller och hon följer. Deras relation är hemlig, destruktiv, förnedrande. Ett förhållande som står i rak motsats till allt Saga fått lära sig att hon ska vara. Till allt det hon till synes är.I Karolina Ramqvists nya roman får vi följa en ung kvinna genom ungdomens alla stadier, från de första stegen ut ur barndomen och fram till klivet in i ett självständigt vuxenliv. Det är skrivet med nerv och klarsynthet om en generation pressad mellan uttalade och outtalade krav och en känsla av övergivenhet.","C:\Apps\Calibre\Svenska\Karolina Ramqvist\Alltings borjan (1648)\cover.jpg","1095400","Alltings början","77ad748a-3fa9-4595-8bde-7a4fec5dc6d8"
"Fiction, General","Ulf Lundell","Suveränt LundellsktEnsam bor han i huset vid havet. Joar ”Red” Cirroan, berömd fotograf. Han har fyllt sextio, hans arbete är avslutat, han har fått sin första pensionsutbetalning. På helgerna besöker honom den loja Anne, så behaglig att vara med att han stundtals tror att tvåsamheten vore det rätta.Vad ska han göra med de kommande tjugo åren, den sista akten? Kan han bara fortsätta som förut? Som om det bara är något man betar av. Livet. Eller kan man stanna upp, samla sina erfarenheter, ta det som är värt nåt, göra om, börja nytt, forma ut?Varför skulle just han leva sitt liv så djävla upproriskt? Mot allt. Till och med sej själv. Inte alls som brodern Niclas med firma, fin fru, villa med den rätta utsikten, två barn, två bilar, båten, hunden, solsemestrarna ...​Han borde ha sagt nej då man ringde honom från New York och ville ha en retrospektiv bok, en soffbok, men förskottet var så smickrande tilltaget. Nu måste han sammanställa materialet från sitt liv, från allt det som gjorts i det förgångna. Bilderna, kamerorna, kvinnorna, skandalerna. Och katastroferna – även den sista.Ulf Lundells nya roman Allt är i rörelse utspelas från sensommaren 2010 och fram till våren 2011. Storslaget och tjyvnypande, sorgligt och humoristiskt, personligt och allmänmänskligt kommenteras och analyseras livet, åldrandet och vår samtid.Omslagsformgivare: Karl-Magnus Boske","C:\Apps\Calibre\Svenska\Ulf Lundell\Allt ar i rorelse (1649)\cover.jpg","1450545","Allt är i rörelse","58f67a35-983b-4115-bfd5-739fa6a9fc76"
"Social Science, Sociology, General","Magnus Bärtås & Fredrik Ekman","1978 kidnappar nordkoreanska agenter Sydkoreas ”Greta Garbo”, skådespelerskan Madame Choi, och hennes exmake, den hyllade regissören Shin Sang-ok. Efter fem år i fängsligt förvar erbjuds de ett ”kontrakt” mot att de gör offentlig avbön och erkänner att de frivilligt hoppat av till nord. I kontraktet ingår en gigantisk filmbudget samt allt de kan önska sig vad det gäller ekonomiska och personella resurser, statister och rekvisita. Såsom hängivna filmälskare kan de inte tacka nej till erbjudandet att bli kung och drottning över nordkoreansk filmindustri. Två år senare, efter att ha regisserat och producerat en rad filmer i Nordkorea, lyckas filmparet fly och få asyl i USA.Diktatorn Kim Jong Il är känd som hängiven filmälskare. Men hans motiv sträcker sig ännu längre än konnässörens. Filmkonsten och underhållningen är ett hägrande mirakelmedel med vars hjälp han skulle kunna nå det som han ännu inte äger: människors hjärtan. Regimen hade länge hållit befolkningen i ett järngrepp med grymma bestraffningar och läger för oliktänkande och avvikande – nu planerade han få grepp om folket med ytterligare ett medel – melodram och mjuk makt.Efter att ha träffat Madame Choi i Seoul och hört hennes livsberättelse åker Magnus Bärtås och Fredrik Ekman till Nordkorea 2008. De hamnar i en märklig gruppresa mellan monument och kulisser. I gruppen finns nordkoreaexperten, chockturisterna, en jättelik schweizare och en spenslig rysk kemist. Resan spelar upp händelser från det förflutna och skapar möten med egendomliga karaktärer. Med stigande förundran betraktar författarna sakernas tillstånd i Nordkorea. Det blir en ovanlig och absurd resa, ett av de få litterära reportagen från det unika landet.Omslagsformgivare: Sara R. Acedo","C:\Apps\Calibre\Svenska\Magnus Bartas\Alla monster maste do! (1650)\cover.jpg","1124150","Alla monster måste dö!","2e6241ce-5c71-468e-810f-6c2d18359808"
"Fiction, Science Fiction, General, Juvenile Fiction, Fantasy, Fantasy & Magic","Veronica Roth","Finalen i Divergent-trilogin: Nu på bio och över 19 miljoner sålda exemplar världen över!Tänk om hela din värld var en lögn. Tänk om ett enda avslöjande eller ett enda val förändrade allt. Tänk om kärlek och lojalitet fick dig att göra saker som du inte trodde var möjliga.Det falangbaserade samhälle som Tris Prior en gång trodde på är splittrat av våld och maktkamper, ärrat av svek och förluster. Så när hon får chansen att utforska en värld bortom den hon hittills känt, är Tris redo. Kanske kan hon och Tobias bygga ett nytt och enklare liv tillsammans bortom stängslet, ett liv fritt från komplicerade lögner, hoptrasslade lojaliteter och plågsamma minnen.Men Tris nya verklighet är ännu mer skrämmande än den hon lämnat bakom sig. Gamla sanningar förlorar snart sin mening, och nya omskakande insikter förändrar människorna hon älskar. Och än en gång måste Tris kämpa med att försöka förstå den mänskliga naturens komplexitet och sin egen samtidigt som hon ställs inför svåra val i fråga om mod, lojalitet, uppoffring och kärlek.VERONICA ROTH föddes 1988 i en förort till Chicago. Medan hon studerade på Northwestern University började hon skriva på sin dystopiska science fiction-trilogi, varav de två första delarna, Divergent och Insurgent, snart blev enorma försäljningssuccéer. Våren 2014 hade filmversionen av Divergent, med bland annat Shailene Woodley och Kate Winslet i rollerna, premiär. Allegiant är den tredje och avslutande delen i trilogin, som hittills sålt i över 19 miljoner exemplar världen över.Vald till »Årets ungdomsbok inom Fantasy &amp; Science fiction« på GoodreadsDivergent-serien har hittills sålt i över 30 miljoner exemplar världen över!","C:\Apps\Calibre\Svenska\Veronica Roth\Allegiant (Movie Tie-In Edition) (1651)\cover.jpg","1282515","Allegiant (Movie Tie-In Edition)","c5c827a3-fe27-4ce4-b45c-0d3ea6c777fb"
"Fiction, Mystery & Detective, General","Jens Lapidus","Jens Lapidus debutroman Snabba cash är en av 2000-talets mest omtalade och sålda böcker. Med läsare i alla grupper. En exportsuccé som hittills sålts till 18 länder, däribland England och USA. Den ska bli film. Nu kommer uppföljaren. Det är nya karaktärer, helt nya huvudpersoner. Men det är samma Stockholm, samma undre värld, samma bossar i toppen. Juggebossen Radovan härskar fortfarande. Och nu, i Aldrig fucka upp är det även snutarnas stad, de verkliga snutarnas verkliga stad. Det är initierat, detaljerat och skrämmande. Grymt trovärdigt. Med skoningslöst driv skildrar Jens Lapidus de kriminellas egen logik som ingen annan tidigare gjort. Vi vill ju helst att det ska vara svartvitt, de onda mot de goda, i Aldrig fucka upp är det inte så enkelt. Inspirerad av James Ellroy skapar Jens Lapidus en egen genre, Stockholm Noir. Det Ellroy gjorde med femtiotalets Los Angeles i böcker som Los Angeles konfidentiellt och Den stora tomheten, gör Lapidus med Stockholm idag. Och perspektivet är the bad guys. Totalt.""Smaken av metall i käften. Passade inte in. Som när man borstat tänderna och råkar dricka juice. Fullkomlig förvirring. Fast nu - egentligen passade den in. Blandad med rädsla. Panik, dödsångest. En skogsdunge. Mahmud: på knä på gräset. Händerna på huvudet. Som nån jävla Viet Cong-lirare i en krigsfilm. Underlaget blött. Fukten trängde igenom hans jeans. Klockan: kanske nio. Himlen var fortfarande ljus. Runt omkring honom: fem shunnar, alla modell livsfarlig. Snubbar som inte bangade. Som säkert klippte killar som Mahmud till frukost en gång i veckan. Hur gärna som helst. Chara. Kyla i luften mitt i sommaren. Ändå kände han lukten av svett på sin hud. Hur fan hade det här gått till? Han skulle ju leva livet. Ute från kåken - fri som en fågel. Och sen kom det här. Kunde vara game over nu. Allti-fucking-hop. Han försökte viska trosbekännelsen trots gannen i munnen. ""Ash-Hadu anla-ilaha illa-Aallah."" Snubben som höll puffran i hans käft kollade ner på honom. ""Sa du nått, eller?"" Mahmud vågade inte röra huvudet. Sneglade upp. Kunde ju inte säga något med en gann i munnen.""Besök www.jenslapidus.se Omslagsformgivare: Jonas Lindén","C:\Apps\Calibre\Svenska\Jens Lapidus\Aldrig fucka upp (1652)\cover.jpg","1340380","Aldrig fucka upp","4f95ceba-b0b8-4698-972a-248b23ea9b2d"
"","Emma Igelström","","C:\Apps\Calibre\Svenska\Emma Igelstrom\All in - nar livet ar allt eller in (1653)\cover.jpg","3249251","All in - när livet är allt eller inget","b822ff21-9021-416d-8fa3-ac23fdeaf949"
"","Jussi Adler-Olsen","Psykologisk thriller i samma nervpirrande stil som succéböckerna om Avdelning Q Alfabethuset utspelar sig på två tidsplan, i fyrtiotalets Nazityskland och i sjuttiotalets England och Västtyskland. Det är en psykologisk thriller i samma nervpirrande stil som Jussi Adler-Olsens internationellt framgångsrika romaner om kriminalinspektör Mørck och Avdelning Q. Två engelska piloter skjuts ner och hamnar bakom fiendens linjer under andra världskriget. Om de tas tillfånga kommer de att avrättas som spioner. Så de tar sig ombord på ett tåg reserverat för sårade SS-män på väg hem från östfronten, för att kunna fly senare. I stället hamnar de i Alfabethuset, ett sinnessjukhus långt bort från fronten, där de är tvungna att byta identitet för att inte bli avslöjade. Men är piloterna James och Bryan de enda som spelar? Och hur länge kan man simulera sinnessjukdom utan att bli galen på riktigt?

**
","C:\Apps\Calibre\Svenska\Jussi Adler-Olsen\Alfabethuset (Av Jussi Adler-Olsen) (1654)\cover.jpg","1055849","Alfabethuset (Av Jussi Adler-Olsen) [Imported] [Paperback] (Swedish)","09e88a3a-f881-4477-b8f9-2516731a3b72"
"Fiction, General","Kerstin Lundell","Lundin Petroleum är ett svenskt börsnoterat företag som genererat stora vinster till svenska aktieägare. De verkar i världens mest fattiga regioner där jakten på naturresurser drabbar de som bor där hårt. Ortsbefolkningen jagas bort från marken de levt på i generationer för att ge plats åt internationella företag som ska utvinna resurserna. Alla medel är tillåtna och människor förlorar allt de har, ibland även livet.Lundin Petroleum hävdar att de bidrar till utveckling i dessa regioner. Men det handlar snarare om en verksamhet som medför död och förstörelse. Företaget har tidigare kritiserats för inblandning i övergrepp i Sudan och det bekräftas här av vittnesuppgifter och rapporter från mycket trovärdiga källor. Dessutom förs nya vittnesmål fram om övergrepp även i andra länder.Dessa brott mot mänskligheten finansieras alltså av vanliga svenska aktieägare, fondinnehavare och pensionssparare.Lundin Petroleum verkar i en global gråzon där lagar åsidosätts. Lagarna där företaget verkar efterföljs inte, och den svenska lagens långa arm är inte lång nog att nå fram till länder som Sudan, Somalia och Etiopien. Internationella konventioner är så gott som värdelösa när det gäller att få stopp på den här typen av verksamhet. Att företaget kan vara inblandat i brott mot mänskligheten får alltså inga följdverkningar och de svenska aktieägarna har inte tillräckligt mycket information för att sätta stopp för bolaget.Kerstin Lundell argumenterar i Affärer i blod och olja för att en brottsutredning borde göras kring Lundin Petroleum av någon som kan få fram hållbara bevis så att inte fler människor på oljefält världen över behöver förlora sina liv. Lundin Petroleum är bara ett litet företag bland flera i den här sektorn, där få med makt att göra något ser vad som sker.","C:\Apps\Calibre\Svenska\Kerstin Lundell\Affarer i blod och olja_ Lundin pet (1656)\cover.jpg","716370","Affärer i blod och olja: Lundin petroleum i Afrika","8b4157b4-1273-42bb-a224-1e2ad27b2c8c"
"","Hasse Zetterstrˆm","","C:\Apps\Calibre\Svenska\Hasse Zetterstr^m\Ada (1657)\cover.jpg","147013","Ada","b8b58541-c5f3-4e0f-b91b-b218c684152a"
"Biography & Autobiography, General","Sven Delblanc","""Jag hade kravlat mig upp ur ungdomens gyttja och dy. Allt som återstod var livet och döden.Det ovissa livetDen vissa döden.""Mot all sannolikhet fick Sven Delblanc krafter att skriva Agnar, en fortsättning på Livets ax. Texten speglar de rebelliska tonåren med ångest och trots.Det breda författarskapet av Sven Delblanc (1931-1992) rymmer bland annat den berömda serien Hedebyborna. 1991 fick han Augustpriset för sin självbiografiska roman Livets ax. Omslagsformgivare: Beata Boucht","C:\Apps\Calibre\Svenska\Sven Delblanc\Agnar (1658)\cover.jpg","772721","Agnar","bb3a2eb5-98e4-4a19-b1cf-d49b21411ca2"
"","Jim Grapenkrantz","","C:\Apps\Calibre\Svenska\Jim Grapenkrantz\ABSOLUT PROSTITUERAD (1659)\cover.jpg","277625","ABSOLUT PROSTITUERAD","83606575-2288-4c84-83d7-576959887144"
"Fiction, Mystery & Detective, General","David Peace","«Ésta es la última entrega y es magnífica... David Peace se ha convertido en uno de los más originales y absorbentes autores de novela negra del mundo», Yorkshire Post «El ritmo es frenético, la violencia estomagante, el estilo extra-stacatto, y la moraleja triste y desoladora, pero la voz de Peace es poderosa y única. Un material fascinante que no dejará indiferente a nadie», The Guardian1983: Margaret Thatcher está a punto de ser reelegida por segunda vez y en Morley, West Yorkshire, acaba de desaparecer una niña. La víctima iba al mismo colegio que Clare Kemplay, la niña asesinada en 1974, la primera novela del ciclo Red Riding. «Esto nunca termina», dicen las madres. En 1983 David Peace pone fin a una tetralogía que narra hipnóticamente, con aspereza y profundidad, mucho más allá de lo que es regla en la novela negra, una pesadilla interminable. Un abogado intenta recurrir la sentencia que condenó a un falso culpable por la muerte de Clare Kemplay. Un poli corrupto desentierra viejas heridas en busca de una imposible redención. Y un joven que ha pasado toda su vida al margen de la ley decide tomarse la justicia por su mano. 1983 retoma los personajes y tramas de las anteriores novelas del cuarteto y resuelve sus misterios y sórdidos secretos. Al final no quedarán cabos sueltos, tal vez porque, como dice uno de los protagonistas, los cabos sueltos sueltos deben morir.","C:\Apps\Calibre\Svenska\David Peace\1983 (1660)\cover.jpg","1092620","1983","bff7725e-064c-475a-87e3-5dc4c30f8891"
"Fiction, Mystery & Detective, General, Thrillers, Suspense","David Peace","Leeds. Söndagen den 29 maj 1977. Det händer igen�Det är försommar, och hela stan är förväntansfull inför silverjubileet av drottning Elisabeths regeringstid. Men kriminalinspektör Bob Fraser och Jack Whitehead, som är reporter på The Post, har annat att tänka på. Någon rör sig på stadens gator, någon som dödar och lemlästar prostituerade kvinnor. Mördaren får snabbt smeknamnet »Yorkshire Ripper«, och både Fraser och Whitehead arbetar oförtröttligt - var och en på sitt håll - med att försöka få tag på honom.Efterforskningarna kompliceras samtidigt av att de bägge männen själva är involverade i förhållanden med prostituerade.I takt med att sommaren fortskrider accelererar antalet mord - och Fraser och Whitehead misstänker att mer än en mördare kan vara i farten.DAVID PEACE [f. 1967] växte upp i Yorkshire på sjuttiotalet. 1977 är den andra boken i den kvartett kriminalromaner som fått det samlande namnet »Yorkshire-kvartetten« [»Red Riding Quartet«].»David Peace romaner är starka, obehagliga skildringar av samhällets skuggsidor, berättade med ett driv och en stilistisk elegans som slår det mesta i deckargenren. 1977, den andra delen i den lysande Yorkshire-kvartetten, stannar kvar länge i läsaren.« YUKIKO DUKE, TIDNINGEN VI»Här gives ingen nåd. En nattsvart djupdykning i ofattbar, mänsklig ondska. Med sitt korthuggna, intensiva språk driver författaren läsaren framför sig och att boken bygger på verkliga händelser gör den inte precis mindre skakande.« INGALILL MOSANDER, AFTONBLADETSvenska pressröster om »1974«, den första boken i Yorkshire-kvartetten:»David Peace skriver hårdkokt och rasande, med svärtan hos en igenbommad gruva. Så snart jag hämtat andan är jag redo att dyka ner i 1977, nästa installation i en kvartett som fått en kraftfull, infernaliskt gnistrande start.« SAM SUNDBERG, SVENSKA DAGBLADET»Den märkligaste, mest personliga och bästa nya deckarförfattaren från England.« BENGT ERIKSSON, KRISTIANSTADSBLADET»Flera gånger när jag läser 1974 så tänker jag: Bra, bra, bra! Skit och guld blandas, hopp och hopplöshet avlöser varandra. Jag slungas fram och tillbaka, jag hänger på - och längtar. Mer, mer, mer!« STIG HANSÉN, HELSINGBORGS DAGBLAD","C:\Apps\Calibre\Svenska\David Peace\1977 (1661)\cover.jpg","838744","1977","2bfae064-62ec-4391-853d-9e0155cf3087"
"Fiction, Mystery & Detective, General, Thrillers, Suspense","David Peace","Vintern 1980. The Yorkshire Ripper har just skördat sitt trettonde offer. Tretton till mördaren, noll till polisen.När allmänhetens ilska växer skickas assisterande polischef Peter Hunter för att ta över utredningen. Skjutningarna i Strafford har förblivit olösta, och morden under jubileumssommaren 1977 tillskrivs fortfarande The Yorkshire Ripper.Men Hunter förstår snart att allt inte är som det verkar � och att polisen är mer djupt involverad i morden än någon kunde ha föreställt sig. Jack Whitehead, ensam och galen på en psykiatrisk klinik efter att med hammare och spik ha försökt fördriva demonerna ur sitt huvud, tycks hålla i nyckeln.Vilken är kopplingen mellan The Yorkshire Ripper och denna nya våldsvåg? Och vad kommer att ske när dessa mäns olika helveten kolliderar?DAVID PEACE [f. 1967] växte upp i Yorkshire på sjuttiotalet. 1980 är den tredje boken i den hyllade kvartett kriminalromaner som fått det samlande namnet Yorkshire-kvartetten. [Red Riding Quartet]. Efter att ha varit bosatt i Japan i femton år är David Peace sedan 2009 tillbaka i Yorkshire.Svenska pressröster om »1974«:»David Peace skriver så tätt och rafflande, och har sådana fantastiska personporträtt och en sådan miljöbeskrivning att man bara läser andlöst och tänker: usch, hur ska det gå, hur ska det gå?« YUKIKO DUKE, GOMORRON SVERIGE, SVT»David Peace skriver hårdkokt och rasande, med svärtan hos en igenbommad gruva. Så snart jag hämtat andan är jag redo att dyka ner i 1977, nästa installation i en kvartett som fått en kraftfull, infernaliskt gnistrande start.« SAM SUNDBERG, SVENSKA DAGBLADET»Den märkligaste, mest personliga och bästa nya deckarförfattaren från England.« BENGT ERIKSSON, KRISTIANSTADSBLADET","C:\Apps\Calibre\Svenska\David Peace\1980 (1662)\cover.jpg","1009760","1980","d1018d35-c422-4eb7-88b5-934c14cdc18d"
"Fiction, Thrillers, Suspense","David Peace","1974, West Yorkshire, se acerca la Navidad. Eddie Dunford, corresponsal de sucesos del Evening Post, empieza a tener firma en la cabecera del periódico. La desaparición de una niña de diez años es su primer gran reto profesional. Días después, el cadáver de la niña aparece en un solar en construcción, con unas alas de cisne cosidas a la espalda. El periodista recuerda antiguos casos sin resolver de niñas desaparecidas y encuentra un vínculo entre los crímenes.Turbios manejos inmobiliarios, concejales sobornados y policías corruptos se interpondrán en su investigación...David Peace, en su serie de cuatro novelas Red Riding (de la que 1974 es la primera), «ha hecho por la región de West Yorkshire lo que Raymond Chandler y James Ellroy hicieron por Los Ángeles» (Yorkshire Post). Una narración vertiginosa, violenta, atroz, en la que se combinan datos históricos e imágenes mentales, presente y recuerdos, realidad y sueño. Un autor que se ha convertido en un nuevo clásico, el más prestigioso de la novela negra de hoy.","C:\Apps\Calibre\Svenska\David Peace\1974 (1664)\cover.jpg","620660","1974","5b0168c8-d760-4818-9370-24e3abc9d9e3"
"Samhälle, politik och debatt","Micke Leijnegard","Lars-Michael ""Micke"" Leijnegard, född 1964 i Skellefteå, är en svensk journalist, programledare och konferencier. Han arbetar på Sveriges Television som programledare för SVT:s Gomorron Sverige och tittarsuccén Mästarnas Mästare. Micke Leijnegard har tidigare varit programledare för bland annat Reflex, Melodifestivalen, Sportnytt (där han även var reporter), Sportsverige, OS-studion, Lilla Sportspegeln, galan Världens barn (Tillsammans för världens barn), Existens-teve samt Söndagsmorgon.","C:\Apps\Calibre\Svenska\Micke Leijnegard\68_orna _ Var blev ni av, ljuva dro (1666)\cover.jpg","2403059","68:orna : Var blev ni av, ljuva drömmar ...","ef257a84-73d2-4082-9424-2559d6ad666b"
"Biography & Autobiography, General","Thomas Bodström","En personlig och unik skildring av livet som svensk ministerI oktober år 2000 blev Thomas Bodström Sveriges justitieminister. Han gick då från att vara en relativt okänd advokat till att bli ytterst ansvarig chef för 40 000 personer och en av de mest mediebevakade i Sverige.700 dagar i Rosenbad är hans dagbok, från första kontakten med makten till segern valnatten 2002. Han berättar om maktspelet i EU, Göteborgskravallerna, mordet på Fadime och kampen mot människohandel som blivit en hjärtefråga. Men han beskriver också med humor och självironi hur det känns att bli klippdocka i en söndagsbilaga och sonens reaktion på att pappa breakdansar i TV.Omslagsformgivare: Peter Alenäs,Omslagsformgivare: Klas Ernflo","C:\Apps\Calibre\Svenska\Thomas Bodstrom\700 dagar i Rosenbad (1667)\cover.jpg","1391329","700 dagar i Rosenbad","2055df40-2e16-449c-9dfb-d8945d0da416"
"","Nina Backlund","","C:\Apps\Calibre\Svenska\Nina Backlund\60_ och singel (1668)\cover.jpg","394832","60+ och singel","809c06de-116d-41a4-a947-8bcfe5a22f65"
"Mysteries & Thrillers","David Bergman","I ett dystopiskt Stockholm i en inte alltför avlägsen framtid får vi under 36 intensiva timmar följa Johanna Lindström, general och chef för Försvarsmaktens operativa verksamhet.

Det är midsommarhelg och hela staden är avspärrad. En från början fredlig demonstration mot polisens sätt att tillämpa en ny terroristlagstiftning – den så kallade Nationalsäkerhetslagen – har urartat.

Johanna hinner precis rädda sin 15-åriga dotter undan det kaos som utbryter när poliserna drar sina vapen. Men alla har inte samma tur. När tårgasens dimmor lättar har flera personer skjutits till döds av ordningsmakten.

Johanna konfronterar generaldirektören för Säpo. Och strax därefter blir hon utsatt för ett attentatsförsök.

För att skydda sig själv, sin dotter och sitt land tvingas Johanna utnyttja alla sina militära resurser. Hon är en konspiration på spåren som leder till en myndighet med hållhakar på regeringen – en myndighet som samarbetar med kriminella element och som vill förflytta makten från Sveriges regering och riksdag till sig själv …
","C:\Apps\Calibre\Svenska\David Bergman\36 timmar (1671)\cover.jpg","631545","36 timmar","5807248f-cb94-4544-9f39-9c97cfcf207a"
"Fiction, General","Stephen King","Engelskläraren Jake Epping får ett märkligt uppdrag. En döende vän har hittat en port till det förflutna på lagret till sin servering. Kliver man ut på andra sidan är klockan 11.58 den nionde september 1958. Varje gång.Det uppdrag Jake får består i att förhindra mordet på Kennedy, eftersom vännen har härlett nästan allt ont som drabbat världen till just den händelsen.Efter en ""provtur"" accepterar Jake. Men han har en egen plan också: att förhindra en familjetragedi som förstört livet för en av hans vuxenelever. När det är gjort ska han långsamt söka sig till Dallas och vara på rätt plats vid exakt rätt tillfälle den tjugoandra november 1963.Men det är som om själva tillvaron bjuder motstånd även mot de minsta förändringar, och lägger oväntat många hinder i vägen. Kommer han att hinna fram i tid? Eller måste han återvända till lagret i vår egen tid, kliva ut i 1958 och leva ytterligare fem år i väntan på att fullgöra sin uppgift? Och vad händer med vår egen tid om Jake lyckas - blir den vad den döende vännen drömt om?Stephen King lyckas skapa en enastående närvarokänsla även i de mest drömska och fasansfulla miljöer. 22/11 1963 är inget undantag. Den är en tidsresa tecknad med en sådan skärpa att man känner precis hur en root beer ska smaka 1958, och med en fantasirikedom som ger en svindel. Både av det behagliga och obehagliga slaget.Översättare: Boo Cassel","C:\Apps\Calibre\Svenska\Stephen King\22_11 1963 (1673)\cover.jpg","1639215","22/11 1963","6caeb1d5-570e-4037-af7e-6006f21e9ada"
"Musik","Petter Alexis Askergren","Petter Alexis Askergren är född 1974 i Stockholm. Han slog igenom 1998 med debutalbumet Mitt sjätte sinne och blev snabbt svensk hiphops stora stjärna. Han har under sin femtonåriga karriär haft otaliga hits och vunnit flera Grammis (bl a för årets textförfattare). I dag lever han på Södermalm i Stockholm med sin familj och är aktuell med sitt åttonde album, Början på allt.","C:\Apps\Calibre\Svenska\Petter Alexis Askergren\16 rader (1674)\cover.jpg","697104","16 rader","1e0f13a0-d67f-4cea-937a-cd39d83a1e04"
"Mystery & Detective, General, Fiction","Alexander Söderberg","Sophie Brinkmann - sjuksköterska, änka och ensamstående mor - möter Hector Guzman på avdelningen där hon arbetar. Han ligger inne med en benskada efter att ha blivit påkörd vid ett övergångställe i city. Sophie och Hector finner varandra där och då - och mot sin vilja dras hon till honom på ett vis som hon inte kan värja sig emot. Men Guzman är något annat än han utger sig att vara, och genom bekantskapen med honom hamnar Sophie mot sin vilja mitt emellan två brottsorganisationer och en grupp utredande poliser. Det som börjat försiktigt eskalerar utom kontroll, och Sophie Brinkmann blir en bricka i ett spel som tar henne bort från allt hon tidigare värdesatt, hållit för sant och trott på. Mitt i detta dyker en person från hennes förflutna plötsligt upp och hon måste med alla medel skydda sig själv och sin son inför det oundvikliga - att välja sida. Den andalusiske vännen är en beroendeframkallande thriller av debuterande Alexander Söderberg. På samma gång sofistikerad och brutal utmanar den våra föreställningar om ont och gott. Alexander Söderberg tar ut svängarna i imponerande actionscener och karaktärer med psykologiskt djup. Detta är första delen i en serie på minst tre böcker med Sophie Brinkmann och organisationen kring Guzman i centrum.","C:\Apps\Calibre\Svenska\Alexander Soderberg\Den andalusiske vannen (1720)\cover.jpg","1147045","Den andalusiske vännen","ae735f5d-b1b7-43b4-b3ab-af5c0e7a091f"
